SRC_FILE,STRAIN,TOTAL,SUP1,SUP2,WINDOW_A,WINDOW_B,chr1,chr2,chr3,chr4,chr5,chr6,chr7,chr8,chr9,chr10,chr11,chr12,chr13,chr14,chr15,chr16,chr17,chr18,chr19,chrX,INS,INV,DEL,DUP,H6_TOTAL,H6_INTERSECTED,H7_TOTAL,H7_INTERSECTED,H1_TOTAL,H1_INTERSECTED,H2_TOTAL,H2_INTERSECTED
A_J-survivor_100_1_20.vcf,A_J,149040,73404,75636,30,30,12383,10111,10267,10189,7113,7621,8118,8846,6899,5030,9233,8879,8544,7064,4798,4297,6453,4372,3586,5237,73221,469,69407,5943,33,25,51,39,73,66,85,76
A_J-pbsv.vcf,A_J,126364,0,0,30,30,10381,8587,8701,8591,5826,6470,6917,7580,5846,4214,7924,7517,7162,6140,4054,3561,5452,3668,3080,4248,46982,179,69813,7268,33,26,51,44,73,68,85,73
A_J-survivor_50_1_20.vcf,A_J,153502,81856,71646,50,50,12763,10429,10589,10450,7331,7869,8338,9098,7105,5168,9467,9143,8796,7286,4952,4451,6665,4512,3690,5400,76429,476,70587,6010,33,26,51,33,73,66,85,76
A_J-pbsv.vcf,A_J,126364,0,0,20,20,10381,8587,8701,8591,5826,6470,6917,7580,5846,4214,7924,7517,7162,6140,4054,3561,5452,3668,3080,4248,46982,179,69813,7268,33,26,51,42,73,68,85,73
A_J-sniffles.vcf,A_J,109240,0,0,20,20,9153,7538,7613,7375,5224,5574,5651,6564,5065,3726,6836,6363,6294,5242,3506,3149,4685,3174,2586,3706,62289,459,46019,252,33,26,51,43,73,56,85,65
A_J-survivor_50_1_20.vcf,A_J,153502,81856,71646,30,30,12763,10429,10589,10450,7331,7869,8338,9098,7105,5168,9467,9143,8796,7286,4952,4451,6665,4512,3690,5400,76429,476,70587,6010,33,25,51,33,73,66,85,76
A_J-survivor_100_1_20.vcf,A_J,149040,73404,75636,20,20,12383,10111,10267,10189,7113,7621,8118,8846,6899,5030,9233,8879,8544,7064,4798,4297,6453,4372,3586,5237,73221,469,69407,5943,33,25,51,37,73,66,85,76
A_J-sniffles.vcf,A_J,109240,0,0,30,30,9153,7538,7613,7375,5224,5574,5651,6564,5065,3726,6836,6363,6294,5242,3506,3149,4685,3174,2586,3706,62289,459,46019,252,33,26,51,46,73,56,85,65
A_J-pbsv.vcf,A_J,126364,0,0,50,50,10381,8587,8701,8591,5826,6470,6917,7580,5846,4214,7924,7517,7162,6140,4054,3561,5452,3668,3080,4248,46982,179,69813,7268,33,27,51,44,73,68,85,73
A_J-survivor_50_1_20.vcf,A_J,153502,81856,71646,20,20,12763,10429,10589,10450,7331,7869,8338,9098,7105,5168,9467,9143,8796,7286,4952,4451,6665,4512,3690,5400,76429,476,70587,6010,33,25,51,31,73,66,85,76
A_J-survivor_100_1_20.vcf,A_J,149040,73404,75636,50,50,12383,10111,10267,10189,7113,7621,8118,8846,6899,5030,9233,8879,8544,7064,4798,4297,6453,4372,3586,5237,73221,469,69407,5943,33,26,51,39,73,66,85,76
A_J-sniffles.vcf,A_J,109240,0,0,50,50,9153,7538,7613,7375,5224,5574,5651,6564,5065,3726,6836,6363,6294,5242,3506,3149,4685,3174,2586,3706,62289,459,46019,252,33,27,51,46,73,56,85,65
