SRC_FILE,STRAIN,TOTAL,SUP1,SUP2,WINDOW_A,WINDOW_B,chr1,chr2,chr3,chr4,chr5,chr6,chr7,chr8,chr9,chr10,chr11,chr12,chr13,chr14,chr15,chr16,chr17,chr18,chr19,chrX,DUP,INS,DEL,INV,H6_TOTAL,H6_INTERSECTED,H7_TOTAL,H7_INTERSECTED,H1_TOTAL,H1_INTERSECTED,H2_TOTAL,H2_INTERSECTED
AKR_J-pbsv.vcf,AKR_J,132265,0,0,50,50,12664,8524,7838,9046,7258,7872,7000,8834,7304,4361,7599,6722,7855,7230,3098,3070,5701,4521,3112,2229,8072,51224,69378,207,27,23,45,38,59,53,77,65
AKR_J-survivor_50_1_20.vcf,AKR_J,144623,72071,72552,50,50,14044,9399,8599,9918,7951,8649,7684,9581,8061,4725,8243,7300,8643,7817,3441,3384,6383,4965,3431,2405,6421,69246,68563,393,27,21,45,30,59,52,77,66
AKR_J-sniffles.vcf,AKR_J,96945,0,0,50,50,9486,6424,5732,6575,5360,5725,4964,6565,5428,3103,5609,4827,5840,5282,2297,2234,4258,3323,2303,1451,140,53032,43285,328,27,22,45,37,59,51,77,62
AKR_J-sniffles.vcf,AKR_J,96945,0,0,20,20,9486,6424,5732,6575,5360,5725,4964,6565,5428,3103,5609,4827,5840,5282,2297,2234,4258,3323,2303,1451,140,53032,43285,328,27,21,45,36,59,51,77,62
AKR_J-survivor_50_1_20.vcf,AKR_J,144623,72071,72552,30,30,14044,9399,8599,9918,7951,8649,7684,9581,8061,4725,8243,7300,8643,7817,3441,3384,6383,4965,3431,2405,6421,69246,68563,393,27,20,45,29,59,53,77,66
AKR_J-sniffles.vcf,AKR_J,96945,0,0,30,30,9486,6424,5732,6575,5360,5725,4964,6565,5428,3103,5609,4827,5840,5282,2297,2234,4258,3323,2303,1451,140,53032,43285,328,27,22,45,37,59,51,77,62
AKR_J-survivor_50_1_20.vcf,AKR_J,144623,72071,72552,20,20,14044,9399,8599,9918,7951,8649,7684,9581,8061,4725,8243,7300,8643,7817,3441,3384,6383,4965,3431,2405,6421,69246,68563,393,27,20,45,28,59,53,77,66
AKR_J-survivor_100_1_20.vcf,AKR_J,140458,64210,76248,20,20,13651,9139,8307,9668,7725,8403,7453,9325,7841,4592,8033,7100,8374,7596,3326,3272,6190,4811,3329,2323,6336,66318,67417,387,27,20,45,31,59,53,77,67
AKR_J-pbsv.vcf,AKR_J,132265,0,0,20,20,12664,8524,7838,9046,7258,7872,7000,8834,7304,4361,7599,6722,7855,7230,3098,3070,5701,4521,3112,2229,8072,51224,69378,207,27,22,45,36,59,54,77,65
AKR_J-survivor_100_1_20.vcf,AKR_J,140458,64210,76248,50,50,13651,9139,8307,9668,7725,8403,7453,9325,7841,4592,8033,7100,8374,7596,3326,3272,6190,4811,3329,2323,6336,66318,67417,387,27,21,45,33,59,52,77,67
AKR_J-pbsv.vcf,AKR_J,132265,0,0,30,30,12664,8524,7838,9046,7258,7872,7000,8834,7304,4361,7599,6722,7855,7230,3098,3070,5701,4521,3112,2229,8072,51224,69378,207,27,22,45,37,59,54,77,65
AKR_J-survivor_100_1_20.vcf,AKR_J,140458,64210,76248,30,30,13651,9139,8307,9668,7725,8403,7453,9325,7841,4592,8033,7100,8374,7596,3326,3272,6190,4811,3329,2323,6336,66318,67417,387,27,20,45,32,59,53,77,67
