SRC_FILE,STRAIN,TOTAL,SUP1,SUP2,WINDOW_A,WINDOW_B,chr1,chr2,chr3,chr4,chr5,chr6,chr7,chr8,chr9,chr10,chr11,chr12,chr13,chr14,chr15,chr16,chr17,chr18,chr19,chrX,INS,INV,DUP,DEL,H7_TOTAL,H7_INTERSECTED
C57BL_6NJ-survivor_50_1_20.vcf,C57BL_6NJ,14407,8651,5756,20,20,993,959,739,1306,841,833,737,735,796,622,723,668,750,560,443,583,607,448,359,705,11190,66,1209,1942,1,0
C57BL_6NJ-pbsv.vcf,C57BL_6NJ,13132,0,0,50,50,872,895,679,1111,709,761,674,648,668,598,667,591,644,505,405,515,526,415,325,649,8730,32,1439,1604,1,0
C57BL_6NJ-sniffles.vcf,C57BL_6NJ,9353,0,0,50,50,621,580,442,878,569,491,418,464,523,394,469,425,468,356,264,367,378,294,212,415,7774,59,51,1143,1,0
C57BL_6NJ-pbsv.vcf,C57BL_6NJ,13132,0,0,30,30,872,895,679,1111,709,761,674,648,668,598,667,591,644,505,405,515,526,415,325,649,8730,32,1439,1604,1,0
C57BL_6NJ-pbsv.vcf,C57BL_6NJ,13132,0,0,20,20,872,895,679,1111,709,761,674,648,668,598,667,591,644,505,405,515,526,415,325,649,8730,32,1439,1604,1,0
C57BL_6NJ-survivor_50_1_20.vcf,C57BL_6NJ,14407,8651,5756,50,50,993,959,739,1306,841,833,737,735,796,622,723,668,750,560,443,583,607,448,359,705,11190,66,1209,1942,1,0
C57BL_6NJ-survivor_100_1_20.vcf,C57BL_6NJ,13879,7701,6178,50,50,965,920,712,1262,806,800,712,708,769,598,702,648,714,535,425,556,584,435,341,687,10746,66,1186,1881,1,0
C57BL_6NJ-survivor_100_1_20.vcf,C57BL_6NJ,13879,7701,6178,30,30,965,920,712,1262,806,800,712,708,769,598,702,648,714,535,425,556,584,435,341,687,10746,66,1186,1881,1,0
C57BL_6NJ-survivor_100_1_20.vcf,C57BL_6NJ,13879,7701,6178,20,20,965,920,712,1262,806,800,712,708,769,598,702,648,714,535,425,556,584,435,341,687,10746,66,1186,1881,1,0
C57BL_6NJ-sniffles.vcf,C57BL_6NJ,9353,0,0,30,30,621,580,442,878,569,491,418,464,523,394,469,425,468,356,264,367,378,294,212,415,7774,59,51,1143,1,0
C57BL_6NJ-survivor_50_1_20.vcf,C57BL_6NJ,14407,8651,5756,30,30,993,959,739,1306,841,833,737,735,796,622,723,668,750,560,443,583,607,448,359,705,11190,66,1209,1942,1,0
C57BL_6NJ-sniffles.vcf,C57BL_6NJ,9353,0,0,20,20,621,580,442,878,569,491,418,464,523,394,469,425,468,356,264,367,378,294,212,415,7774,59,51,1143,1,0
