SRC_FILE,STRAIN,GFILTER,TOTAL,SUP1,SUP2,HOMs,HETs,WINDOW_A,WINDOW_B,chr1,chr2,chr3,chr4,chr5,chr6,chr7,chr8,chr9,chr10,chr11,chr12,chr13,chr14,chr15,chr16,chr17,chr18,chr19,chrX,DUP,INV,DEL,INS,H2_TOTAL,H2_INTERSECTED,H7_TOTAL,H7_INTERSECTED,H1_TOTAL,H1_INTERSECTED,H6_TOTAL,H6_INTERSECTED
LP_J-sniffles.vcf,LP_J,0,94640,0,0,15079,79561,50,50,7280,5505,5003,6956,4912,5698,5568,6645,5292,2967,4714,3858,5212,7238,4392,2503,3885,3768,2054,1190,134,289,43743,50469,87.0,72.0,39,29,49.0,45.0,28.0,24.0
C3H_HeJ-sniffles.vcf,C3H_HeJ,0,107834,0,0,28832,79002,30,30,8839,8026,7208,6973,5659,5971,6429,6647,4927,3577,6030,5924,4959,5931,3512,3367,4733,3125,2668,3329,199,464,46992,60175,97.0,68.0,56,52,79.0,59.0,37.0,31.0
C57BL_6NJ-survivor_50_1_20.vcf,C57BL_6NJ,0,14406,8648,5758,0,0,20,20,993,959,739,1306,841,833,737,735,796,622,722,668,750,560,443,583,607,448,359,705,1208,66,1944,11188,,,1,0,,,,
BALB_cJ-survivor_100_1_20.vcf,BALB_cJ,0,134692,69347,65345,0,0,20,20,9454,7509,8616,10378,8411,7343,8156,10372,6206,5188,7059,7828,7049,7133,3323,3737,5929,3841,3016,4144,6374,413,64535,63370,83.0,74.0,46,34,65.0,56.0,31.0,24.0
A_J-survivor_100_1_20.vcf,A_J,0,149039,73400,75639,0,0,30,30,12383,10111,10266,10189,7112,7621,8118,8846,6899,5030,9233,8879,8544,7064,4798,4298,6453,4372,3586,5237,5943,469,69407,73220,85.0,76.0,51,39,73.0,66.0,33.0,25.0
C57BL_6NJ-survivor_50_1_20_nohets.vcf,C57BL_6NJ,0,8304,7459,845,0,0,20,20,546,536,387,823,501,509,413,425,477,320,428,366,453,316,223,342,352,245,166,476,1198,66,1943,5097,,,1,0,,,,
BALB_cJ-sniffles.vcf,BALB_cJ,1,88296,0,0,22895,65401,50,50,1455,1028,1209,1515,1245,996,1123,1354,887,766,880,1456,1584,4751,1108,607,927,0,0,4,173,289,7430,14998,83.0,15.0,46,5,65.0,13.0,31.0,1.0
AKR_J-pbsv.vcf,AKR_J,0,131838,0,0,93610,38144,50,50,12664,8524,7838,9046,7258,7872,7000,8834,7304,4361,7599,6722,7855,7230,3098,3070,5701,4521,3112,2229,8072,207,69378,51224,77.0,65.0,45,38,59.0,53.0,27.0,23.0
A_J-pbsv.vcf,A_J,0,125919,0,0,90043,35809,30,30,10381,8587,8701,8591,5826,6470,6917,7580,5846,4214,7924,7517,7162,6140,4054,3561,5452,3668,3080,4248,7268,179,69813,46982,85.0,73.0,51,44,73.0,68.0,33.0,26.0
A_J-survivor_50_1_20.vcf,A_J,0,153503,81856,71647,0,0,50,50,12763,10431,10589,10450,7331,7869,8338,9098,7105,5168,9467,9143,8796,7286,4952,4451,6665,4512,3689,5400,6011,476,70587,76429,85.0,76.0,51,33,73.0,66.0,33.0,26.0
LP_J-survivor_50_1_20_nohets.vcf,LP_J,0,125200,82513,42687,0,0,50,50,9703,7083,6998,9283,6522,7477,7418,8601,6786,4413,6116,5129,6781,9388,5703,3260,5069,5083,2620,1767,6378,362,71774,46686,87.0,78.0,39,35,49.0,47.0,28.0,22.0
LP_J-survivor_100_1_20_nohets.vcf,LP_J,0,123605,79531,44074,0,0,30,30,9573,6981,6872,9168,6446,7396,7333,8490,6705,4340,6046,5081,6705,9288,5635,3215,5009,4997,2590,1735,6304,352,70606,46343,87.0,78.0,39,35,49.0,47.0,28.0,21.0
C57BL_6NJ-pbsv.vcf,C57BL_6NJ,1,12857,0,0,4631,8213,50,50,276,368,226,347,224,295,229,227,246,200,288,232,278,195,138,183,185,144,104,246,378,6,557,3687,,,1,0,,,,
A_J-pbsv.vcf,A_J,1,125919,0,0,90043,35809,30,30,7532,6399,6318,5940,4120,4687,4720,5594,4301,3031,6072,4958,4953,4617,2895,2441,3802,2615,2290,2758,3764,76,51651,34528,85.0,43.0,51,45,73.0,63.0,33.0,26.0
LP_J-pbsv.vcf,LP_J,1,139249,0,0,96680,42505,20,20,7516,5675,5183,7041,5081,5890,5743,6858,5455,3081,4886,3832,5248,7385,4570,2465,3808,3805,2151,1007,4402,58,50910,41280,87.0,27.0,39,32,49.0,37.0,28.0,22.0
AKR_J-survivor_50_1_20.vcf,AKR_J,0,144625,72078,72547,0,0,50,50,14044,9400,8599,9918,7951,8649,7684,9581,8060,4725,8243,7300,8643,7817,3441,3386,6382,4965,3431,2406,6420,393,68566,69246,77.0,66.0,45,30,59.0,52.0,27.0,21.0
DBA_2J-survivor_100_1_20_nohets.vcf,DBA_2J,0,141479,115404,26075,0,0,50,50,13733,10893,8803,9526,7502,7382,10211,8726,6427,4949,7848,6699,5445,9334,4257,4179,6348,3299,4011,1907,12711,314,73513,54941,94.0,74.0,55,49,66.0,59.0,28.0,26.0
BALB_cJ-pbsv.vcf,BALB_cJ,0,122683,0,0,89469,33142,30,30,8389,6804,7708,9325,7447,6555,7300,9396,5582,4649,6426,6981,6166,6483,2934,3290,5252,4175,3270,4551,7871,186,65855,46156,83.0,71.0,46,39,65.0,59.0,31.0,25.0
AKR_J-sniffles.vcf,AKR_J,0,96786,0,0,30369,66417,50,50,9486,6424,5732,6575,5360,5725,4964,6565,5428,3103,5609,4827,5840,5282,2297,2234,4258,3323,2303,1451,140,328,43285,53032,77.0,62.0,45,37,59.0,51.0,27.0,22.0
C3H_HeJ-sniffles.vcf,C3H_HeJ,0,107834,0,0,28832,79002,50,50,8839,8026,7208,6973,5659,5971,6429,6647,4927,3577,6030,5924,4959,5931,3512,3367,4733,3125,2668,3329,199,464,46992,60175,97.0,68.0,56,52,79.0,59.0,37.0,31.0
A_J-pbsv.vcf,A_J,0,125919,0,0,90043,35809,20,20,10381,8587,8701,8591,5826,6470,6917,7580,5846,4214,7924,7517,7162,6140,4054,3561,5452,3668,3080,4248,7268,179,69813,46982,85.0,73.0,51,42,73.0,68.0,33.0,26.0
C57BL_6NJ-pbsv.vcf,C57BL_6NJ,0,12857,0,0,4631,8213,50,50,872,895,679,1111,709,761,674,648,668,598,667,591,644,505,405,515,526,415,325,649,1439,32,1604,8730,,,1,0,,,,
DBA_2J-pbsv.vcf,DBA_2J,1,152223,0,0,141407,10775,30,30,13768,11157,8914,9310,7654,7326,10123,8574,6542,4978,8013,6488,5298,9249,4342,4148,6173,3397,4109,1844,15279,120,67331,58648,94.0,70.0,55,49,66.0,58.0,28.0,27.0
A_J-survivor_100_1_20_nohets.vcf,A_J,0,128853,81648,47205,0,0,50,50,10594,8495,8771,8590,5956,6830,6801,7702,6274,4204,8487,8252,7208,6089,4032,3621,5462,3870,3044,4571,5887,469,69401,53096,85.0,76.0,51,44,73.0,66.0,33.0,27.0
DBA_2J-survivor_100_1_20_nohets.vcf,DBA_2J,0,141479,115404,26075,0,0,30,30,13733,10893,8803,9526,7502,7382,10211,8726,6427,4949,7848,6699,5445,9334,4257,4179,6348,3299,4011,1907,12711,314,73513,54941,94.0,74.0,55,49,66.0,59.0,28.0,26.0
LP_J-sniffles.vcf,LP_J,1,94640,0,0,15079,79561,20,20,706,407,2539,875,454,475,473,581,531,2473,375,480,542,714,340,260,470,1365,165,854,88,187,6016,8784,87.0,16.0,39,5,49.0,7.0,28.0,3.0
AKR_J-survivor_100_1_20_nohets.vcf,AKR_J,0,122597,74958,47639,0,0,30,30,11753,7786,7621,8728,6550,7362,6300,8245,7105,3875,6910,6067,7473,7185,2853,2729,5219,4091,2850,1895,6262,387,67417,48531,77.0,67.0,45,33,59.0,53.0,27.0,20.0
A_J-sniffles.vcf,A_J,1,109024,0,0,38345,70679,50,50,2232,1577,1695,1875,1337,3047,1352,1780,2998,875,4546,5212,1593,1056,766,833,1459,1769,548,1795,226,360,12630,25124,85.0,19.0,51,11,73.0,17.0,33.0,7.0
LP_J-survivor_50_1_20.vcf,LP_J,0,148480,73905,74575,0,0,20,20,11466,8531,7992,11109,7770,8972,8949,10064,8090,4853,7255,6130,8082,11220,6760,3983,6091,5884,3174,2105,6435,362,71772,69911,87.0,78.0,39,30,49.0,47.0,28.0,23.0
A_J-sniffles.vcf,A_J,0,109024,0,0,38345,70679,20,20,9153,7538,7613,7375,5224,5574,5651,6564,5065,3726,6836,6363,6294,5242,3506,3149,4685,3174,2586,3706,252,459,46019,62289,85.0,65.0,51,43,73.0,56.0,33.0,26.0
C57BL_6NJ-survivor_100_1_20_nohets.vcf,C57BL_6NJ,0,8208,7298,910,0,0,30,30,542,531,385,815,492,496,412,421,470,315,424,363,448,311,219,337,349,242,164,472,1178,66,1878,5086,,,1,0,,,,
BALB_cJ-sniffles.vcf,BALB_cJ,0,88296,0,0,22895,65401,30,30,6824,5441,6149,7346,5947,5215,5544,7497,4427,3733,5123,5518,5026,5205,2379,2676,4242,0,0,4,198,378,38671,49044,83.0,59.0,46,36,65.0,44.0,31.0,21.0
AKR_J-sniffles.vcf,AKR_J,1,96786,0,0,30369,66417,30,30,1457,893,3764,4175,828,2208,780,1186,2897,390,681,831,2522,4803,635,384,685,511,372,367,115,232,11834,18187,77.0,15.0,45,10,59.0,9.0,27.0,3.0
C57BL_6NJ-sniffles.vcf,C57BL_6NJ,0,9028,0,0,2116,6912,50,50,621,580,442,878,569,491,418,464,523,394,469,425,468,356,264,367,378,294,212,415,51,59,1143,7774,,,1,0,,,,
A_J-survivor_50_1_20.vcf,A_J,0,153503,81856,71647,0,0,30,30,12763,10431,10589,10450,7331,7869,8338,9098,7105,5168,9467,9143,8796,7286,4952,4451,6665,4512,3689,5400,6011,476,70587,76429,85.0,76.0,51,33,73.0,66.0,33.0,25.0
BALB_cJ-sniffles.vcf,BALB_cJ,1,88296,0,0,22895,65401,20,20,1455,1028,1209,1515,1245,996,1123,1354,887,766,880,1456,1584,4751,1108,607,927,0,0,4,173,289,7430,14998,83.0,15.0,46,5,65.0,13.0,31.0,1.0
DBA_2J-sniffles.vcf,DBA_2J,1,69982,0,0,1965,68017,30,30,251,120,94,174,106,91,135,138,77,56,46,157,108,119,38,43,103,26,16,67,54,156,840,678,94.0,4.0,55,0,66.0,7.0,28.0,0.0
A_J-pbsv.vcf,A_J,1,125919,0,0,90043,35809,50,50,7532,6399,6318,5940,4120,4687,4720,5594,4301,3031,6072,4958,4953,4617,2895,2441,3802,2615,2290,2758,3764,76,51651,34528,85.0,43.0,51,45,73.0,63.0,33.0,27.0
DBA_2J-pbsv.vcf,DBA_2J,0,152223,0,0,141407,10775,30,30,14703,11665,9590,10406,8149,7863,10883,9168,6921,5243,8355,7303,5860,9893,4614,4444,6906,3632,4330,2295,16523,204,72257,62393,94.0,81.0,55,49,66.0,62.0,28.0,27.0
C3H_HeJ-survivor_50_1_20_nohets.vcf,C3H_HeJ,0,130572,85172,45400,0,0,50,50,10588,9488,9030,8566,6678,7540,7677,8129,6140,4301,7205,7378,6000,7076,4214,3949,5619,3717,3202,4075,6682,486,71654,51750,97.0,82.0,56,42,79.0,69.0,37.0,30.0
DBA_2J-sniffles.vcf,DBA_2J,1,69982,0,0,1965,68017,20,20,251,120,94,174,106,91,135,138,77,56,46,157,108,119,38,43,103,26,16,67,54,156,840,678,94.0,4.0,55,0,66.0,7.0,28.0,0.0
BALB_cJ-sniffles.vcf,BALB_cJ,0,88296,0,0,22895,65401,20,20,6824,5441,6149,7346,5947,5215,5544,7497,4427,3733,5123,5518,5026,5205,2379,2676,4242,0,0,4,198,378,38671,49044,83.0,59.0,46,35,65.0,44.0,31.0,21.0
BALB_cJ-survivor_100_1_20_nohets.vcf,BALB_cJ,0,117079,78514,38565,0,0,30,30,8072,6409,7425,8922,7189,6251,6938,9135,5345,4406,6132,6777,6137,6815,2936,3198,5036,3494,2775,3687,6317,413,64534,45815,83.0,74.0,46,36,65.0,56.0,31.0,24.0
A_J-survivor_100_1_20_nohets.vcf,A_J,0,128853,81648,47205,0,0,30,30,10594,8495,8771,8590,5956,6830,6801,7702,6274,4204,8487,8252,7208,6089,4032,3621,5462,3870,3044,4571,5887,469,69401,53096,85.0,76.0,51,44,73.0,66.0,33.0,26.0
A_J-survivor_50_1_20_nohets.vcf,A_J,0,130778,85275,45503,0,0,50,50,10728,8620,8893,8679,6053,6959,6891,7805,6396,4253,8631,8433,7299,6176,4085,3681,5539,3927,3085,4645,5954,477,70583,53764,85.0,76.0,51,41,73.0,66.0,33.0,27.0
DBA_2J-survivor_50_1_20.vcf,DBA_2J,0,155066,103523,51543,0,0,30,30,15005,11858,9637,10563,8219,8091,11218,9420,7060,5392,8528,7419,6009,10142,4638,4576,7089,3612,4403,2187,12824,323,76421,65498,94.0,73.0,55,50,66.0,58.0,28.0,25.0
A_J-survivor_50_1_20_nohets.vcf,A_J,0,130778,85275,45503,0,0,20,20,10728,8620,8893,8679,6053,6959,6891,7805,6396,4253,8631,8433,7299,6176,4085,3681,5539,3927,3085,4645,5954,477,70583,53764,85.0,76.0,51,39,73.0,66.0,33.0,26.0
DBA_2J-survivor_50_1_20.vcf,DBA_2J,0,155066,103523,51543,0,0,50,50,15005,11858,9637,10563,8219,8091,11218,9420,7060,5392,8528,7419,6009,10142,4638,4576,7089,3612,4403,2187,12824,323,76421,65498,94.0,73.0,55,50,66.0,58.0,28.0,25.0
C57BL_6NJ-pbsv.vcf,C57BL_6NJ,0,12857,0,0,4631,8213,30,30,872,895,679,1111,709,761,674,648,668,598,667,591,644,505,405,515,526,415,325,649,1439,32,1604,8730,,,1,0,,,,
C57BL_6NJ-pbsv.vcf,C57BL_6NJ,0,12857,0,0,4631,8213,20,20,872,895,679,1111,709,761,674,648,668,598,667,591,644,505,405,515,526,415,325,649,1439,32,1604,8730,,,1,0,,,,
DBA_2J-sniffles.vcf,DBA_2J,0,69982,0,0,1965,68017,20,20,6833,5591,4269,4564,3757,3597,5057,4309,3293,2429,4027,3227,2777,4518,2096,2044,3180,1546,1987,890,97,205,33408,35234,94.0,62.0,55,36,66.0,39.0,28.0,21.0
C3H_HeJ-sniffles.vcf,C3H_HeJ,1,107834,0,0,28832,79002,20,20,2051,1536,3679,1716,1352,3147,1227,1755,2129,733,1072,1321,1467,1063,755,720,1064,722,492,831,173,350,9001,19305,97.0,18.0,56,12,79.0,6.0,37.0,4.0
LP_J-survivor_100_1_20_nohets.vcf,LP_J,0,123605,79531,44074,0,0,20,20,9573,6981,6872,9168,6446,7396,7333,8490,6705,4340,6046,5081,6705,9288,5635,3215,5009,4997,2590,1735,6304,352,70606,46343,87.0,78.0,39,33,49.0,47.0,28.0,21.0
DBA_2J-sniffles.vcf,DBA_2J,0,69982,0,0,1965,68017,30,30,6833,5591,4269,4564,3757,3597,5057,4309,3293,2429,4027,3227,2777,4518,2096,2044,3180,1546,1987,890,97,205,33408,35234,94.0,63.0,55,38,66.0,39.0,28.0,21.0
C57BL_6NJ-sniffles.vcf,C57BL_6NJ,1,9028,0,0,2116,6912,50,50,148,90,82,317,195,167,67,108,137,67,60,64,100,59,44,101,85,55,33,137,37,44,512,1523,,,1,0,,,,
LP_J-sniffles.vcf,LP_J,0,94640,0,0,15079,79561,30,30,7280,5505,5003,6956,4912,5698,5568,6645,5292,2967,4714,3858,5212,7238,4392,2503,3885,3768,2054,1190,134,289,43743,50469,87.0,72.0,39,29,49.0,45.0,28.0,24.0
LP_J-survivor_50_1_20_nohets.vcf,LP_J,0,125200,82513,42687,0,0,20,20,9703,7083,6998,9283,6522,7477,7418,8601,6786,4413,6116,5129,6781,9388,5703,3260,5069,5083,2620,1767,6378,362,71774,46686,87.0,78.0,39,33,49.0,47.0,28.0,21.0
BALB_cJ-pbsv.vcf,BALB_cJ,1,122683,0,0,89469,33142,20,20,6102,5010,5642,6822,5459,4825,5187,7228,4177,3369,4952,4667,4296,4989,2107,2333,3720,3049,2532,3003,4335,70,50134,34909,83.0,45.0,46,39,65.0,55.0,31.0,24.0
BALB_cJ-pbsv.vcf,BALB_cJ,0,122683,0,0,89469,33142,50,50,8389,6804,7708,9325,7447,6555,7300,9396,5582,4649,6426,6981,6166,6483,2934,3290,5252,4175,3270,4551,7871,186,65855,46156,83.0,71.0,46,39,65.0,59.0,31.0,26.0
BALB_cJ-sniffles.vcf,BALB_cJ,1,88296,0,0,22895,65401,30,30,1455,1028,1209,1515,1245,996,1123,1354,887,766,880,1456,1584,4751,1108,607,927,0,0,4,173,289,7430,14998,83.0,15.0,46,5,65.0,13.0,31.0,1.0
C3H_HeJ-sniffles.vcf,C3H_HeJ,1,107834,0,0,28832,79002,30,30,2051,1536,3679,1716,1352,3147,1227,1755,2129,733,1072,1321,1467,1063,755,720,1064,722,492,831,173,350,9001,19305,97.0,18.0,56,13,79.0,6.0,37.0,4.0
DBA_2J-pbsv.vcf,DBA_2J,0,152223,0,0,141407,10775,50,50,14703,11665,9590,10406,8149,7863,10883,9168,6921,5243,8355,7303,5860,9893,4614,4444,6906,3632,4330,2295,16523,204,72257,62393,94.0,81.0,55,49,66.0,62.0,28.0,27.0
AKR_J-survivor_100_1_20_nohets.vcf,AKR_J,0,122597,74958,47639,0,0,50,50,11753,7786,7621,8728,6550,7362,6300,8245,7105,3875,6910,6067,7473,7185,2853,2729,5219,4091,2850,1895,6262,387,67417,48531,77.0,67.0,45,34,59.0,52.0,27.0,21.0
LP_J-sniffles.vcf,LP_J,1,94640,0,0,15079,79561,50,50,706,407,2539,875,454,475,473,581,531,2473,375,480,542,714,340,260,470,1365,165,854,88,187,6016,8784,87.0,16.0,39,5,49.0,7.0,28.0,3.0
LP_J-pbsv.vcf,LP_J,0,139249,0,0,96680,42505,30,30,10761,8000,7583,10416,7316,8427,8412,9488,7589,4616,6873,5795,7513,10383,6305,3745,5697,5406,2965,1959,8143,209,73226,55857,87.0,71.0,39,34,49.0,47.0,28.0,23.0
A_J-survivor_100_1_20.vcf,A_J,0,149039,73400,75639,0,0,20,20,12383,10111,10266,10189,7112,7621,8118,8846,6899,5030,9233,8879,8544,7064,4798,4298,6453,4372,3586,5237,5943,469,69407,73220,85.0,76.0,51,37,73.0,66.0,33.0,25.0
C57BL_6NJ-survivor_100_1_20_nohets.vcf,C57BL_6NJ,0,8208,7298,910,0,0,20,20,542,531,385,815,492,496,412,421,470,315,424,363,448,311,219,337,349,242,164,472,1178,66,1878,5086,,,1,0,,,,
C57BL_6NJ-sniffles.vcf,C57BL_6NJ,1,9028,0,0,2116,6912,20,20,148,90,82,317,195,167,67,108,137,67,60,64,100,59,44,101,85,55,33,137,37,44,512,1523,,,1,0,,,,
LP_J-survivor_50_1_20.vcf,LP_J,0,148480,73905,74575,0,0,30,30,11466,8531,7992,11109,7770,8972,8949,10064,8090,4853,7255,6130,8082,11220,6760,3983,6091,5884,3174,2105,6435,362,71772,69911,87.0,78.0,39,32,49.0,47.0,28.0,23.0
C3H_HeJ-survivor_50_1_20.vcf,C3H_HeJ,0,152492,76868,75624,0,0,30,30,12380,11241,10119,10149,7909,8411,9222,9319,6965,5038,8426,8656,7012,8278,4907,4666,6697,4468,3809,4820,6744,486,71655,73607,97.0,82.0,56,39,79.0,69.0,37.0,30.0
AKR_J-sniffles.vcf,AKR_J,1,96786,0,0,30369,66417,50,50,1457,893,3764,4175,828,2208,780,1186,2897,390,681,831,2522,4803,635,384,685,511,372,367,115,232,11834,18187,77.0,15.0,45,10,59.0,9.0,27.0,3.0
DBA_2J-survivor_100_1_20_nohets.vcf,DBA_2J,0,141479,115404,26075,0,0,20,20,13733,10893,8803,9526,7502,7382,10211,8726,6427,4949,7848,6699,5445,9334,4257,4179,6348,3299,4011,1907,12711,314,73513,54941,94.0,75.0,55,48,66.0,59.0,28.0,26.0
A_J-sniffles.vcf,A_J,0,109024,0,0,38345,70679,30,30,9153,7538,7613,7375,5224,5574,5651,6564,5065,3726,6836,6363,6294,5242,3506,3149,4685,3174,2586,3706,252,459,46019,62289,85.0,65.0,51,46,73.0,56.0,33.0,26.0
C57BL_6NJ-pbsv.vcf,C57BL_6NJ,1,12857,0,0,4631,8213,30,30,276,368,226,347,224,295,229,227,246,200,288,232,278,195,138,183,185,144,104,246,378,6,557,3687,,,1,0,,,,
C3H_HeJ-survivor_50_1_20_nohets.vcf,C3H_HeJ,0,130572,85172,45400,0,0,30,30,10588,9488,9030,8566,6678,7540,7677,8129,6140,4301,7205,7378,6000,7076,4214,3949,5619,3717,3202,4075,6682,486,71654,51750,97.0,82.0,56,42,79.0,69.0,37.0,29.0
AKR_J-sniffles.vcf,AKR_J,0,96786,0,0,30369,66417,20,20,9486,6424,5732,6575,5360,5725,4964,6565,5428,3103,5609,4827,5840,5282,2297,2234,4258,3323,2303,1451,140,328,43285,53032,77.0,62.0,45,36,59.0,51.0,27.0,21.0
AKR_J-survivor_50_1_20.vcf,AKR_J,0,144625,72078,72547,0,0,30,30,14044,9400,8599,9918,7951,8649,7684,9581,8060,4725,8243,7300,8643,7817,3441,3386,6382,4965,3431,2406,6420,393,68566,69246,77.0,66.0,45,29,59.0,53.0,27.0,20.0
BALB_cJ-survivor_50_1_20.vcf,BALB_cJ,0,138645,76810,61835,0,0,50,50,9755,7724,8906,10677,8675,7602,8420,10688,6377,5345,7292,8063,7276,7388,3441,3870,6121,3850,3025,4150,6450,419,65524,66252,83.0,72.0,46,31,65.0,55.0,31.0,24.0
DBA_2J-sniffles.vcf,DBA_2J,0,69982,0,0,1965,68017,50,50,6833,5591,4269,4564,3757,3597,5057,4309,3293,2429,4027,3227,2777,4518,2096,2044,3180,1546,1987,890,97,205,33408,35234,94.0,63.0,55,38,66.0,39.0,28.0,21.0
AKR_J-sniffles.vcf,AKR_J,1,96786,0,0,30369,66417,20,20,1457,893,3764,4175,828,2208,780,1186,2897,390,681,831,2522,4803,635,384,685,511,372,367,115,232,11834,18187,77.0,15.0,45,10,59.0,9.0,27.0,3.0
AKR_J-sniffles.vcf,AKR_J,0,96786,0,0,30369,66417,30,30,9486,6424,5732,6575,5360,5725,4964,6565,5428,3103,5609,4827,5840,5282,2297,2234,4258,3323,2303,1451,140,328,43285,53032,77.0,62.0,45,37,59.0,51.0,27.0,22.0
C57BL_6NJ-survivor_50_1_20.vcf,C57BL_6NJ,0,14406,8648,5758,0,0,50,50,993,959,739,1306,841,833,737,735,796,622,722,668,750,560,443,583,607,448,359,705,1208,66,1944,11188,,,1,0,,,,
C3H_HeJ-survivor_100_1_20_nohets.vcf,C3H_HeJ,0,128155,80552,47603,0,0,50,50,10369,9309,8836,8450,6555,7387,7556,7981,6018,4224,7088,7223,5874,6967,4136,3867,5533,3645,3163,3974,6614,475,70428,50638,97.0,83.0,56,48,79.0,69.0,37.0,30.0
C57BL_6NJ-survivor_100_1_20.vcf,C57BL_6NJ,0,13895,7727,6168,0,0,50,50,966,921,712,1262,806,803,714,711,770,599,703,649,714,534,425,558,585,434,341,688,1186,67,1880,10762,,,1,0,,,,
C3H_HeJ-survivor_100_1_20_nohets.vcf,C3H_HeJ,0,128155,80552,47603,0,0,30,30,10369,9309,8836,8450,6555,7387,7556,7981,6018,4224,7088,7223,5874,6967,4136,3867,5533,3645,3163,3974,6614,475,70428,50638,97.0,83.0,56,48,79.0,69.0,37.0,29.0
AKR_J-survivor_50_1_20.vcf,AKR_J,0,144625,72078,72547,0,0,20,20,14044,9400,8599,9918,7951,8649,7684,9581,8060,4725,8243,7300,8643,7817,3441,3386,6382,4965,3431,2406,6420,393,68566,69246,77.0,66.0,45,28,59.0,53.0,27.0,20.0
BALB_cJ-survivor_50_1_20_nohets.vcf,BALB_cJ,0,118774,81691,37083,0,0,30,30,8193,6498,7550,9045,7302,6337,7033,9282,5420,4468,6222,6867,6232,7007,3000,3249,5099,3500,2780,3690,6395,418,65525,46436,83.0,72.0,46,36,65.0,55.0,31.0,24.0
A_J-survivor_50_1_20_nohets.vcf,A_J,0,130778,85275,45503,0,0,30,30,10728,8620,8893,8679,6053,6959,6891,7805,6396,4253,8631,8433,7299,6176,4085,3681,5539,3927,3085,4645,5954,477,70583,53764,85.0,76.0,51,41,73.0,66.0,33.0,26.0
A_J-pbsv.vcf,A_J,0,125919,0,0,90043,35809,50,50,10381,8587,8701,8591,5826,6470,6917,7580,5846,4214,7924,7517,7162,6140,4054,3561,5452,3668,3080,4248,7268,179,69813,46982,85.0,73.0,51,44,73.0,68.0,33.0,27.0
C3H_HeJ-survivor_50_1_20.vcf,C3H_HeJ,0,152492,76868,75624,0,0,20,20,12380,11241,10119,10149,7909,8411,9222,9319,6965,5038,8426,8656,7012,8278,4907,4666,6697,4468,3809,4820,6744,486,71655,73607,97.0,82.0,56,38,79.0,69.0,37.0,30.0
C57BL_6NJ-survivor_100_1_20_nohets.vcf,C57BL_6NJ,0,8208,7298,910,0,0,50,50,542,531,385,815,492,496,412,421,470,315,424,363,448,311,219,337,349,242,164,472,1178,66,1878,5086,,,1,0,,,,
AKR_J-pbsv.vcf,AKR_J,1,131838,0,0,93610,38144,30,30,9087,6255,5584,6092,5099,5632,4795,6522,5429,3075,5732,4576,5533,5378,2111,2032,3934,3212,2290,1242,4412,64,50509,38597,77.0,31.0,45,37,59.0,45.0,27.0,21.0
C3H_HeJ-survivor_100_1_20.vcf,C3H_HeJ,0,147644,67672,79972,0,0,20,20,11945,10870,9788,9852,7658,8155,8924,9041,6777,4877,8195,8364,6803,8030,4744,4502,6475,4316,3712,4616,6678,476,70428,70062,97.0,83.0,56,47,79.0,69.0,37.0,30.0
BALB_cJ-survivor_50_1_20_nohets.vcf,BALB_cJ,0,118774,81691,37083,0,0,20,20,8193,6498,7550,9045,7302,6337,7033,9282,5420,4468,6222,6867,6232,7007,3000,3249,5099,3500,2780,3690,6395,418,65525,46436,83.0,72.0,46,36,65.0,55.0,31.0,24.0
BALB_cJ-survivor_50_1_20.vcf,BALB_cJ,0,138645,76810,61835,0,0,30,30,9755,7724,8906,10677,8675,7602,8420,10688,6377,5345,7292,8063,7276,7388,3441,3870,6121,3850,3025,4150,6450,419,65524,66252,83.0,72.0,46,31,65.0,55.0,31.0,23.0
C57BL_6NJ-pbsv.vcf,C57BL_6NJ,1,12857,0,0,4631,8213,20,20,276,368,226,347,224,295,229,227,246,200,288,232,278,195,138,183,185,144,104,246,378,6,557,3687,,,1,0,,,,
A_J-survivor_50_1_20.vcf,A_J,0,153503,81856,71647,0,0,20,20,12763,10431,10589,10450,7331,7869,8338,9098,7105,5168,9467,9143,8796,7286,4952,4451,6665,4512,3689,5400,6011,476,70587,76429,85.0,76.0,51,31,73.0,66.0,33.0,25.0
C57BL_6NJ-survivor_100_1_20.vcf,C57BL_6NJ,0,13895,7727,6168,0,0,30,30,966,921,712,1262,806,803,714,711,770,599,703,649,714,534,425,558,585,434,341,688,1186,67,1880,10762,,,1,0,,,,
AKR_J-survivor_100_1_20.vcf,AKR_J,0,140457,64208,76249,0,0,20,20,13651,9139,8307,9668,7724,8403,7452,9326,7841,4592,8033,7100,8373,7596,3327,3273,6189,4811,3329,2323,6335,387,67417,66318,77.0,67.0,45,31,59.0,53.0,27.0,20.0
LP_J-pbsv.vcf,LP_J,0,139249,0,0,96680,42505,50,50,10761,8000,7583,10416,7316,8427,8412,9488,7589,4616,6873,5795,7513,10383,6305,3745,5697,5406,2965,1959,8143,209,73226,55857,87.0,71.0,39,34,49.0,47.0,28.0,24.0
AKR_J-survivor_50_1_20_nohets.vcf,AKR_J,0,124731,79007,45724,0,0,50,50,11920,7916,7811,8886,6647,7482,6396,8381,7243,3933,7001,6155,7622,7353,2914,2778,5308,4164,2893,1928,6346,393,68563,49429,77.0,66.0,45,33,59.0,52.0,27.0,21.0
LP_J-pbsv.vcf,LP_J,0,139249,0,0,96680,42505,20,20,10761,8000,7583,10416,7316,8427,8412,9488,7589,4616,6873,5795,7513,10383,6305,3745,5697,5406,2965,1959,8143,209,73226,55857,87.0,71.0,39,32,49.0,47.0,28.0,23.0
C3H_HeJ-sniffles.vcf,C3H_HeJ,1,107834,0,0,28832,79002,50,50,2051,1536,3679,1716,1352,3147,1227,1755,2129,733,1072,1321,1467,1063,755,720,1064,722,492,831,173,350,9001,19305,97.0,18.0,56,13,79.0,6.0,37.0,4.0
AKR_J-pbsv.vcf,AKR_J,0,131838,0,0,93610,38144,20,20,12664,8524,7838,9046,7258,7872,7000,8834,7304,4361,7599,6722,7855,7230,3098,3070,5701,4521,3112,2229,8072,207,69378,51224,77.0,65.0,45,36,59.0,54.0,27.0,22.0
LP_J-sniffles.vcf,LP_J,0,94640,0,0,15079,79561,20,20,7280,5505,5003,6956,4912,5698,5568,6645,5292,2967,4714,3858,5212,7238,4392,2503,3885,3768,2054,1190,134,289,43743,50469,87.0,72.0,39,27,49.0,45.0,28.0,24.0
C57BL_6NJ-survivor_100_1_20.vcf,C57BL_6NJ,0,13895,7727,6168,0,0,20,20,966,921,712,1262,806,803,714,711,770,599,703,649,714,534,425,558,585,434,341,688,1186,67,1880,10762,,,1,0,,,,
C57BL_6NJ-sniffles.vcf,C57BL_6NJ,0,9028,0,0,2116,6912,30,30,621,580,442,878,569,491,418,464,523,394,469,425,468,356,264,367,378,294,212,415,51,59,1143,7774,,,1,0,,,,
AKR_J-pbsv.vcf,AKR_J,1,131838,0,0,93610,38144,20,20,9087,6255,5584,6092,5099,5632,4795,6522,5429,3075,5732,4576,5533,5378,2111,2032,3934,3212,2290,1242,4412,64,50509,38597,77.0,31.0,45,36,59.0,45.0,27.0,21.0
LP_J-survivor_50_1_20_nohets.vcf,LP_J,0,125200,82513,42687,0,0,30,30,9703,7083,6998,9283,6522,7477,7418,8601,6786,4413,6116,5129,6781,9388,5703,3260,5069,5083,2620,1767,6378,362,71774,46686,87.0,78.0,39,35,49.0,47.0,28.0,21.0
A_J-survivor_100_1_20_nohets.vcf,A_J,0,128853,81648,47205,0,0,20,20,10594,8495,8771,8590,5956,6830,6801,7702,6274,4204,8487,8252,7208,6089,4032,3621,5462,3870,3044,4571,5887,469,69401,53096,85.0,76.0,51,42,73.0,66.0,33.0,26.0
DBA_2J-survivor_50_1_20_nohets.vcf,DBA_2J,0,143895,120018,23877,0,0,50,50,13981,11048,8953,9697,7617,7501,10386,8894,6564,5033,7990,6824,5535,9500,4334,4248,6448,3341,4071,1930,12788,321,75762,55024,94.0,73.0,55,49,66.0,58.0,28.0,26.0
BALB_cJ-survivor_50_1_20_nohets.vcf,BALB_cJ,0,118774,81691,37083,0,0,50,50,8193,6498,7550,9045,7302,6337,7033,9282,5420,4468,6222,6867,6232,7007,3000,3249,5099,3500,2780,3690,6395,418,65525,46436,83.0,72.0,46,36,65.0,55.0,31.0,25.0
AKR_J-survivor_50_1_20_nohets.vcf,AKR_J,0,124731,79007,45724,0,0,30,30,11920,7916,7811,8886,6647,7482,6396,8381,7243,3933,7001,6155,7622,7353,2914,2778,5308,4164,2893,1928,6346,393,68563,49429,77.0,66.0,45,32,59.0,53.0,27.0,20.0
LP_J-survivor_100_1_20.vcf,LP_J,0,144771,66935,77836,0,0,50,50,11166,8300,7792,10823,7588,8751,8709,9842,7894,4736,7073,5999,7887,10930,6584,3882,5955,5708,3101,2051,6358,353,70604,67456,87.0,78.0,39,35,49.0,47.0,28.0,24.0
DBA_2J-pbsv.vcf,DBA_2J,1,152223,0,0,141407,10775,50,50,13768,11157,8914,9310,7654,7326,10123,8574,6542,4978,8013,6488,5298,9249,4342,4148,6173,3397,4109,1844,15279,120,67331,58648,94.0,70.0,55,49,66.0,58.0,28.0,27.0
C3H_HeJ-pbsv.vcf,C3H_HeJ,1,131022,0,0,95776,35172,20,20,7796,7364,6434,6126,4777,5370,5769,6036,4453,3204,5640,5201,4179,5443,3109,2882,4034,2748,2512,2699,4396,71,54289,36980,97.0,49.0,56,49,79.0,66.0,37.0,29.0
LP_J-survivor_50_1_20.vcf,LP_J,0,148480,73905,74575,0,0,50,50,11466,8531,7992,11109,7770,8972,8949,10064,8090,4853,7255,6130,8082,11220,6760,3983,6091,5884,3174,2105,6435,362,71772,69911,87.0,78.0,39,32,49.0,47.0,28.0,24.0
C57BL_6NJ-survivor_50_1_20_nohets.vcf,C57BL_6NJ,0,8304,7459,845,0,0,50,50,546,536,387,823,501,509,413,425,477,320,428,366,453,316,223,342,352,245,166,476,1198,66,1943,5097,,,1,0,,,,
BALB_cJ-survivor_100_1_20_nohets.vcf,BALB_cJ,0,117079,78514,38565,0,0,20,20,8072,6409,7425,8922,7189,6251,6938,9135,5345,4406,6132,6777,6137,6815,2936,3198,5036,3494,2775,3687,6317,413,64534,45815,83.0,74.0,46,36,65.0,56.0,31.0,24.0
C3H_HeJ-pbsv.vcf,C3H_HeJ,0,131022,0,0,95776,35172,20,20,10592,9724,8677,8749,6638,7266,7941,8059,5964,4365,7310,7532,5986,7210,4228,3958,5658,3825,3296,4044,8177,190,71236,49019,97.0,83.0,56,50,79.0,74.0,37.0,31.0
DBA_2J-pbsv.vcf,DBA_2J,0,152223,0,0,141407,10775,20,20,14703,11665,9590,10406,8149,7863,10883,9168,6921,5243,8355,7303,5860,9893,4614,4444,6906,3632,4330,2295,16523,204,72257,62393,94.0,82.0,55,48,66.0,62.0,28.0,27.0
AKR_J-pbsv.vcf,AKR_J,1,131838,0,0,93610,38144,50,50,9087,6255,5584,6092,5099,5632,4795,6522,5429,3075,5732,4576,5533,5378,2111,2032,3934,3212,2290,1242,4412,64,50509,38597,77.0,31.0,45,38,59.0,44.0,27.0,22.0
C3H_HeJ-sniffles.vcf,C3H_HeJ,0,107834,0,0,28832,79002,20,20,8839,8026,7208,6973,5659,5971,6429,6647,4927,3577,6030,5924,4959,5931,3512,3367,4733,3125,2668,3329,199,464,46992,60175,97.0,68.0,56,51,79.0,59.0,37.0,30.0
C57BL_6NJ-survivor_50_1_20.vcf,C57BL_6NJ,0,14406,8648,5758,0,0,30,30,993,959,739,1306,841,833,737,735,796,622,722,668,750,560,443,583,607,448,359,705,1208,66,1944,11188,,,1,0,,,,
DBA_2J-survivor_50_1_20.vcf,DBA_2J,0,155066,103523,51543,0,0,20,20,15005,11858,9637,10563,8219,8091,11218,9420,7060,5392,8528,7419,6009,10142,4638,4576,7089,3612,4403,2187,12824,323,76421,65498,94.0,74.0,55,48,66.0,58.0,28.0,25.0
BALB_cJ-sniffles.vcf,BALB_cJ,0,88296,0,0,22895,65401,50,50,6824,5441,6149,7346,5947,5215,5544,7497,4427,3733,5123,5518,5026,5205,2379,2676,4242,0,0,4,198,378,38671,49044,83.0,59.0,46,36,65.0,44.0,31.0,21.0
LP_J-survivor_100_1_20.vcf,LP_J,0,144771,66935,77836,0,0,30,30,11166,8300,7792,10823,7588,8751,8709,9842,7894,4736,7073,5999,7887,10930,6584,3882,5955,5708,3101,2051,6358,353,70604,67456,87.0,78.0,39,35,49.0,47.0,28.0,23.0
A_J-sniffles.vcf,A_J,1,109024,0,0,38345,70679,30,30,2232,1577,1695,1875,1337,3047,1352,1780,2998,875,4546,5212,1593,1056,766,833,1459,1769,548,1795,226,360,12630,25124,85.0,19.0,51,11,73.0,17.0,33.0,6.0
BALB_cJ-survivor_100_1_20.vcf,BALB_cJ,0,134692,69347,65345,0,0,50,50,9454,7509,8616,10378,8411,7343,8156,10372,6206,5188,7059,7828,7049,7133,3323,3737,5929,3841,3016,4144,6374,413,64535,63370,83.0,74.0,46,35,65.0,56.0,31.0,25.0
DBA_2J-survivor_50_1_20_nohets.vcf,DBA_2J,0,143895,120018,23877,0,0,20,20,13981,11048,8953,9697,7617,7501,10386,8894,6564,5033,7990,6824,5535,9500,4334,4248,6448,3341,4071,1930,12788,321,75762,55024,94.0,74.0,55,48,66.0,58.0,28.0,26.0
A_J-pbsv.vcf,A_J,1,125919,0,0,90043,35809,20,20,7532,6399,6318,5940,4120,4687,4720,5594,4301,3031,6072,4958,4953,4617,2895,2441,3802,2615,2290,2758,3764,76,51651,34528,85.0,43.0,51,43,73.0,63.0,33.0,26.0
AKR_J-survivor_100_1_20_nohets.vcf,AKR_J,0,122597,74958,47639,0,0,20,20,11753,7786,7621,8728,6550,7362,6300,8245,7105,3875,6910,6067,7473,7185,2853,2729,5219,4091,2850,1895,6262,387,67417,48531,77.0,67.0,45,32,59.0,53.0,27.0,20.0
BALB_cJ-survivor_50_1_20.vcf,BALB_cJ,0,138645,76810,61835,0,0,20,20,9755,7724,8906,10677,8675,7602,8420,10688,6377,5345,7292,8063,7276,7388,3441,3870,6121,3850,3025,4150,6450,419,65524,66252,83.0,72.0,46,30,65.0,55.0,31.0,23.0
BALB_cJ-survivor_100_1_20.vcf,BALB_cJ,0,134692,69347,65345,0,0,30,30,9454,7509,8616,10378,8411,7343,8156,10372,6206,5188,7059,7828,7049,7133,3323,3737,5929,3841,3016,4144,6374,413,64535,63370,83.0,74.0,46,35,65.0,56.0,31.0,24.0
DBA_2J-survivor_100_1_20.vcf,DBA_2J,0,152203,98054,54149,0,0,50,50,14716,11669,9463,10357,8085,7936,11004,9236,6903,5296,8359,7272,5907,9955,4552,4491,6968,3556,4321,2157,12749,316,74172,64966,94.0,74.0,55,50,66.0,59.0,28.0,25.0
AKR_J-survivor_100_1_20.vcf,AKR_J,0,140457,64208,76249,0,0,50,50,13651,9139,8307,9668,7724,8403,7452,9326,7841,4592,8033,7100,8373,7596,3327,3273,6189,4811,3329,2323,6335,387,67417,66318,77.0,67.0,45,33,59.0,52.0,27.0,21.0
LP_J-survivor_100_1_20.vcf,LP_J,0,144771,66935,77836,0,0,20,20,11166,8300,7792,10823,7588,8751,8709,9842,7894,4736,7073,5999,7887,10930,6584,3882,5955,5708,3101,2051,6358,353,70604,67456,87.0,78.0,39,33,49.0,47.0,28.0,23.0
C57BL_6NJ-sniffles.vcf,C57BL_6NJ,0,9028,0,0,2116,6912,20,20,621,580,442,878,569,491,418,464,523,394,469,425,468,356,264,367,378,294,212,415,51,59,1143,7774,,,1,0,,,,
DBA_2J-survivor_100_1_20.vcf,DBA_2J,0,152203,98054,54149,0,0,30,30,14716,11669,9463,10357,8085,7936,11004,9236,6903,5296,8359,7272,5907,9955,4552,4491,6968,3556,4321,2157,12749,316,74172,64966,94.0,74.0,55,50,66.0,59.0,28.0,25.0
C3H_HeJ-survivor_50_1_20_nohets.vcf,C3H_HeJ,0,130572,85172,45400,0,0,20,20,10588,9488,9030,8566,6678,7540,7677,8129,6140,4301,7205,7378,6000,7076,4214,3949,5619,3717,3202,4075,6682,486,71654,51750,97.0,82.0,56,41,79.0,69.0,37.0,29.0
AKR_J-pbsv.vcf,AKR_J,0,131838,0,0,93610,38144,30,30,12664,8524,7838,9046,7258,7872,7000,8834,7304,4361,7599,6722,7855,7230,3098,3070,5701,4521,3112,2229,8072,207,69378,51224,77.0,65.0,45,37,59.0,54.0,27.0,22.0
LP_J-pbsv.vcf,LP_J,1,139249,0,0,96680,42505,30,30,7516,5675,5183,7041,5081,5890,5743,6858,5455,3081,4886,3832,5248,7385,4570,2465,3808,3805,2151,1007,4402,58,50910,41280,87.0,27.0,39,34,49.0,37.0,28.0,22.0
C3H_HeJ-pbsv.vcf,C3H_HeJ,1,131022,0,0,95776,35172,30,30,7796,7364,6434,6126,4777,5370,5769,6036,4453,3204,5640,5201,4179,5443,3109,2882,4034,2748,2512,2699,4396,71,54289,36980,97.0,49.0,56,49,79.0,66.0,37.0,29.0
C3H_HeJ-survivor_100_1_20_nohets.vcf,C3H_HeJ,0,128155,80552,47603,0,0,20,20,10369,9309,8836,8450,6555,7387,7556,7981,6018,4224,7088,7223,5874,6967,4136,3867,5533,3645,3163,3974,6614,475,70428,50638,97.0,83.0,56,47,79.0,69.0,37.0,29.0
LP_J-pbsv.vcf,LP_J,1,139249,0,0,96680,42505,50,50,7516,5675,5183,7041,5081,5890,5743,6858,5455,3081,4886,3832,5248,7385,4570,2465,3808,3805,2151,1007,4402,58,50910,41280,87.0,27.0,39,34,49.0,37.0,28.0,23.0
C3H_HeJ-pbsv.vcf,C3H_HeJ,1,131022,0,0,95776,35172,50,50,7796,7364,6434,6126,4777,5370,5769,6036,4453,3204,5640,5201,4179,5443,3109,2882,4034,2748,2512,2699,4396,71,54289,36980,97.0,49.0,56,49,79.0,66.0,37.0,30.0
DBA_2J-sniffles.vcf,DBA_2J,1,69982,0,0,1965,68017,50,50,251,120,94,174,106,91,135,138,77,56,46,157,108,119,38,43,103,26,16,67,54,156,840,678,94.0,4.0,55,0,66.0,7.0,28.0,0.0
LP_J-sniffles.vcf,LP_J,1,94640,0,0,15079,79561,30,30,706,407,2539,875,454,475,473,581,531,2473,375,480,542,714,340,260,470,1365,165,854,88,187,6016,8784,87.0,16.0,39,5,49.0,7.0,28.0,3.0
C57BL_6NJ-survivor_50_1_20_nohets.vcf,C57BL_6NJ,0,8304,7459,845,0,0,30,30,546,536,387,823,501,509,413,425,477,320,428,366,453,316,223,342,352,245,166,476,1198,66,1943,5097,,,1,0,,,,
DBA_2J-pbsv.vcf,DBA_2J,1,152223,0,0,141407,10775,20,20,13768,11157,8914,9310,7654,7326,10123,8574,6542,4978,8013,6488,5298,9249,4342,4148,6173,3397,4109,1844,15279,120,67331,58648,94.0,71.0,55,48,66.0,58.0,28.0,27.0
A_J-survivor_100_1_20.vcf,A_J,0,149039,73400,75639,0,0,50,50,12383,10111,10266,10189,7112,7621,8118,8846,6899,5030,9233,8879,8544,7064,4798,4298,6453,4372,3586,5237,5943,469,69407,73220,85.0,76.0,51,39,73.0,66.0,33.0,26.0
DBA_2J-survivor_100_1_20.vcf,DBA_2J,0,152203,98054,54149,0,0,20,20,14716,11669,9463,10357,8085,7936,11004,9236,6903,5296,8359,7272,5907,9955,4552,4491,6968,3556,4321,2157,12749,316,74172,64966,94.0,75.0,55,48,66.0,59.0,28.0,25.0
BALB_cJ-pbsv.vcf,BALB_cJ,0,122683,0,0,89469,33142,20,20,8389,6804,7708,9325,7447,6555,7300,9396,5582,4649,6426,6981,6166,6483,2934,3290,5252,4175,3270,4551,7871,186,65855,46156,83.0,71.0,46,39,65.0,59.0,31.0,25.0
BALB_cJ-survivor_100_1_20_nohets.vcf,BALB_cJ,0,117079,78514,38565,0,0,50,50,8072,6409,7425,8922,7189,6251,6938,9135,5345,4406,6132,6777,6137,6815,2936,3198,5036,3494,2775,3687,6317,413,64534,45815,83.0,74.0,46,36,65.0,56.0,31.0,25.0
C57BL_6NJ-sniffles.vcf,C57BL_6NJ,1,9028,0,0,2116,6912,30,30,148,90,82,317,195,167,67,108,137,67,60,64,100,59,44,101,85,55,33,137,37,44,512,1523,,,1,0,,,,
C3H_HeJ-survivor_100_1_20.vcf,C3H_HeJ,0,147644,67672,79972,0,0,50,50,11945,10870,9788,9852,7658,8155,8924,9041,6777,4877,8195,8364,6803,8030,4744,4502,6475,4316,3712,4616,6678,476,70428,70062,97.0,83.0,56,48,79.0,69.0,37.0,31.0
C3H_HeJ-pbsv.vcf,C3H_HeJ,0,131022,0,0,95776,35172,50,50,10592,9724,8677,8749,6638,7266,7941,8059,5964,4365,7310,7532,5986,7210,4228,3958,5658,3825,3296,4044,8177,190,71236,49019,97.0,83.0,56,50,79.0,74.0,37.0,32.0
AKR_J-survivor_100_1_20.vcf,AKR_J,0,140457,64208,76249,0,0,30,30,13651,9139,8307,9668,7724,8403,7452,9326,7841,4592,8033,7100,8373,7596,3327,3273,6189,4811,3329,2323,6335,387,67417,66318,77.0,67.0,45,32,59.0,53.0,27.0,20.0
AKR_J-survivor_50_1_20_nohets.vcf,AKR_J,0,124731,79007,45724,0,0,20,20,11920,7916,7811,8886,6647,7482,6396,8381,7243,3933,7001,6155,7622,7353,2914,2778,5308,4164,2893,1928,6346,393,68563,49429,77.0,66.0,45,31,59.0,53.0,27.0,20.0
A_J-sniffles.vcf,A_J,1,109024,0,0,38345,70679,20,20,2232,1577,1695,1875,1337,3047,1352,1780,2998,875,4546,5212,1593,1056,766,833,1459,1769,548,1795,226,360,12630,25124,85.0,19.0,51,10,73.0,17.0,33.0,6.0
BALB_cJ-pbsv.vcf,BALB_cJ,1,122683,0,0,89469,33142,50,50,6102,5010,5642,6822,5459,4825,5187,7228,4177,3369,4952,4667,4296,4989,2107,2333,3720,3049,2532,3003,4335,70,50134,34909,83.0,45.0,46,39,65.0,55.0,31.0,25.0
C3H_HeJ-pbsv.vcf,C3H_HeJ,0,131022,0,0,95776,35172,30,30,10592,9724,8677,8749,6638,7266,7941,8059,5964,4365,7310,7532,5986,7210,4228,3958,5658,3825,3296,4044,8177,190,71236,49019,97.0,83.0,56,50,79.0,74.0,37.0,31.0
BALB_cJ-pbsv.vcf,BALB_cJ,1,122683,0,0,89469,33142,30,30,6102,5010,5642,6822,5459,4825,5187,7228,4177,3369,4952,4667,4296,4989,2107,2333,3720,3049,2532,3003,4335,70,50134,34909,83.0,45.0,46,39,65.0,55.0,31.0,24.0
LP_J-survivor_100_1_20_nohets.vcf,LP_J,0,123605,79531,44074,0,0,50,50,9573,6981,6872,9168,6446,7396,7333,8490,6705,4340,6046,5081,6705,9288,5635,3215,5009,4997,2590,1735,6304,352,70606,46343,87.0,78.0,39,35,49.0,47.0,28.0,22.0
A_J-sniffles.vcf,A_J,0,109024,0,0,38345,70679,50,50,9153,7538,7613,7375,5224,5574,5651,6564,5065,3726,6836,6363,6294,5242,3506,3149,4685,3174,2586,3706,252,459,46019,62289,85.0,65.0,51,46,73.0,56.0,33.0,27.0
DBA_2J-survivor_50_1_20_nohets.vcf,DBA_2J,0,143895,120018,23877,0,0,30,30,13981,11048,8953,9697,7617,7501,10386,8894,6564,5033,7990,6824,5535,9500,4334,4248,6448,3341,4071,1930,12788,321,75762,55024,94.0,73.0,55,49,66.0,58.0,28.0,26.0
C3H_HeJ-survivor_50_1_20.vcf,C3H_HeJ,0,152492,76868,75624,0,0,50,50,12380,11241,10119,10149,7909,8411,9222,9319,6965,5038,8426,8656,7012,8278,4907,4666,6697,4468,3809,4820,6744,486,71655,73607,97.0,82.0,56,39,79.0,69.0,37.0,31.0
C3H_HeJ-survivor_100_1_20.vcf,C3H_HeJ,0,147644,67672,79972,0,0,30,30,11945,10870,9788,9852,7658,8155,8924,9041,6777,4877,8195,8364,6803,8030,4744,4502,6475,4316,3712,4616,6678,476,70428,70062,97.0,83.0,56,48,79.0,69.0,37.0,30.0
